{"stats":{"minecraft:custom":{"minecraft:jump":48,"minecraft:time_since_rest":5666,"minecraft:crouch_one_cm":471,"minecraft:sprint_one_cm":3727,"minecraft:leave_game":2,"minecraft:play_time":5666,"minecraft:time_since_death":5666,"minecraft:walk_one_cm":6363,"minecraft:sneak_time":211,"minecraft:total_world_time":5666,"minecraft:fall_one_cm":209,"minecraft:fly_one_cm":8843,"minecraft:walk_on_water_one_cm":469},"minecraft:picked_up":{"minecraft:spruce_sapling":1},"minecraft:mined":{"minecraft:large_fern":2,"minecraft:fire":13,"minecraft:spruce_leaves":8},"minecraft:used":{"minecraft:bucket":4,"minecraft:water_bucket":4}},"DataVersion":3120}