{"stats":{"minecraft:custom":{"minecraft:jump":50,"minecraft:time_since_rest":6364,"minecraft:leave_game":3,"minecraft:time_since_death":6364,"minecraft:crouch_one_cm":471,"minecraft:play_time":6364,"minecraft:sprint_one_cm":3727,"minecraft:walk_one_cm":6508,"minecraft:walk_on_water_one_cm":469,"minecraft:sneak_time":211,"minecraft:total_world_time":6364,"minecraft:fall_one_cm":209,"minecraft:fly_one_cm":11747},"minecraft:picked_up":{"minecraft:spruce_sapling":1},"minecraft:mined":{"minecraft:large_fern":2,"minecraft:fire":13,"minecraft:spruce_leaves":8},"minecraft:used":{"minecraft:bucket":4,"minecraft:water_bucket":4}},"DataVersion":3120}